Timestamp,Leeftijd,Achtergrond,GestemdePartij,GestemdePartijAnders,Ranking,D66,PVV,VVD,GroenLinks,PvdA,CDA,Partij voor de Dieren,FvD,C_partij,V0,V1,V2,V4,V5,V3,V6,V7,V8,V9,Ideal coalition,Feedback
23-4-2026 17:14:27,21-25,Bachelor,Partij voor de Dieren,,Partij voor de Dieren > GroenLinks > PvdA > D66 > CDA > VVD > PVV > FvD,3,-2,-1,5,4,0,5,-5,VVD,A,B,A,A,B,A,A,A,B,B,"{""Partij voor de Dieren"":41,""GroenLinks"":32,""D66"":18,""PvdA"":9}",
24-4-2026 12:34:22,18-20,Bachelor,Volt,,GroenLinks > Partij voor de Dieren > D66 > VVD > PvdA > CDA > PVV > FvD,5,-5,0,5,1,-2,5,-5,CDA,A,B,A,B,B,A,A,A,B,B,"{""GroenLinks"":30,""Partij voor de Dieren"":40,""D66"":30}",
24-4-2026 12:44:02,40+,HBO,Partij voor de Dieren,,CDA > Partij voor de Dieren > D66 > VVD > PvdA > GroenLinks > FvD > PVV,3,-5,3,0,0,5,3,-5,PVV,A,A,B,B,B,A,A,B,A,B,"{""CDA"":77,""Partij voor de Dieren"":23}",
24-4-2026 12:54:19,18-20,Middelbare school,CDA,,CDA > D66 > PvdA > VVD > GroenLinks > Partij voor de Dieren > PVV > FvD,4,-4,-1,-2,-1,5,-3,-5,VVD,A,A,B,B,B,B,A,A,B,A,"{""CDA"":60,""D66"":40}",
24-4-2026 12:54:35,21-25,Bachelor,GroenLinks-PvdA,,PvdA > GroenLinks > D66 > Partij voor de Dieren > CDA > VVD > PVV > FvD,5,-5,-3,5,5,-3,4,-5,VVD,A,B,A,B,B,A,A,A,A,B,"{""D66"":20,""GroenLinks"":20,""PvdA"":50,""Partij voor de Dieren"":10}","Super leuk Jade❤️ succes!
"
24-4-2026 12:58:11,21-25,Bachelor,Partij voor de Dieren,,Partij voor de Dieren > GroenLinks > PvdA > D66 > CDA > VVD > PVV > FvD,2,-4,-2,4,3,0,5,-5,VVD,A,B,A,B,B,A,A,B,A,B,"{""GroenLinks"":40,""Partij voor de Dieren"":60}",
24-4-2026 13:04:21,18-20,Middelbare school,Niet gestemd,,PvdA > GroenLinks > D66 > Partij voor de Dieren > CDA > VVD > FvD > PVV,2,-5,-2,4,4,2,3,-5,VVD,A,B,B,B,B,B,B,A,B,B,"{""D66"":20,""GroenLinks"":25,""PvdA"":25,""Partij voor de Dieren"":20,""CDA"":10}",
24-4-2026 13:11:34,21-25,Bachelor,GroenLinks-PvdA,,PvdA > GroenLinks > D66 > Partij voor de Dieren > CDA > VVD > PVV > FvD,4,-5,-2,5,5,-2,2,-5,VVD,A,A,A,B,B,A,A,A,B,B,"{""PvdA"":35,""GroenLinks"":25,""D66"":20,""Partij voor de Dieren"":20}",
24-4-2026 13:12:02,21-25,Bachelor,GroenLinks-PvdA,,GroenLinks > PvdA > D66 > Partij voor de Dieren > CDA > VVD > PVV > FvD,5,-4,-3,5,4,1,1,-5,VVD,A,B,A,A,B,A,A,A,A,A,"{""D66"":50,""GroenLinks"":50}",
24-4-2026 13:22:09,21-25,Master,Partij voor de Dieren,,Partij voor de Dieren > GroenLinks > PvdA > D66 > CDA > VVD > FvD > PVV,2,-5,-3,5,3,1,5,-5,VVD,A,A,A,B,B,A,A,A,A,B,"{""D66"":10,""PvdA"":30,""GroenLinks"":30,""Partij voor de Dieren"":30}","sommige vragen krijg je als optie van ‘coalitie’ maar 1 partij, weet niet of dit de bedoeling is"
24-4-2026 13:26:07,26-30,Master,SP,,GroenLinks > Partij voor de Dieren > PvdA > D66 > VVD > CDA > PVV > FvD,2,-5,-2,4,4,-2,0,-5,VVD,A,B,A,B,B,A,A,A,A,B,"{""GroenLinks"":50,""PvdA"":30,""Partij voor de Dieren"":20}",
24-4-2026 13:32:53,21-25,Bachelor,GroenLinks-PvdA,,PvdA > GroenLinks > Partij voor de Dieren > CDA > D66 > VVD > PVV > FvD,2,-4,-3,5,5,3,4,-5,VVD,A,A,B,B,B,A,A,A,B,B,"{""PvdA"":35,""GroenLinks"":35,""D66"":10,""Partij voor de Dieren"":20}",
24-4-2026 13:56:10,21-25,Bachelor,D66,,D66 > GroenLinks > Partij voor de Dieren > PvdA > CDA > FvD > VVD > PVV,4,-1,-2,4,1,-1,2,1,PVV,A,B,A,A,A,A,A,B,B,A,"{""D66"":40,""GroenLinks"":30,""Partij voor de Dieren"":10,""PVV"":3,""VVD"":6,""PvdA"":5,""FvD"":3,""CDA"":3}",
24-4-2026 13:57:40,40+,Werkend,D66,,D66 > PvdA > GroenLinks > Partij voor de Dieren > CDA > VVD > FvD > PVV,5,-5,4,5,5,5,5,-5,PVV,A,B,A,B,B,B,A,B,B,B,"{""GroenLinks"":34,""D66"":33,""PvdA"":33}",
24-4-2026 13:57:43,40+,Master,GroenLinks-PvdA,,PvdA > GroenLinks > D66 > CDA > Partij voor de Dieren > VVD > PVV > FvD,5,-5,-3,4,5,-2,4,-5,CDA,A,A,A,B,B,A,A,A,A,A,"{""PvdA"":50,""GroenLinks"":25,""D66"":25}",
24-4-2026 14:02:34,18-20,Bachelor,GroenLinks-PvdA,,GroenLinks > PvdA > Partij voor de Dieren > D66 > CDA > VVD > PVV > FvD,1,-4,-4,4,4,1,3,-5,PVV,A,B,A,A,B,A,A,A,B,B,"{""GroenLinks"":34,""Partij voor de Dieren"":33,""PvdA"":33}",
24-4-2026 14:08:48,21-25,Bachelor,GroenLinks-PvdA,,GroenLinks > PvdA > D66 > Partij voor de Dieren > VVD > CDA > PVV > FvD,5,-4,0,2,2,-1,2,-5,CDA,A,A,A,B,B,A,A,B,A,A,"{""GroenLinks"":40,""PvdA"":30,""D66"":30}",
24-4-2026 14:09:13,18-20,Middelbare school,Anders,BIJ1,Partij voor de Dieren > GroenLinks > PvdA > D66 > CDA > VVD > FvD > PVV,-2,-5,-4,1,0,-2,5,-5,D66,A,A,B,A,A,A,A,B,A,A,"{""Partij voor de Dieren"":100}",
24-4-2026 14:09:19,21-25,Middelbare school,GroenLinks-PvdA,,GroenLinks > Partij voor de Dieren > PvdA > D66 > VVD > CDA > PVV > FvD,3,-5,0,5,4,0,5,-5,PVV,A,A,B,B,B,A,A,B,B,B,"{""GroenLinks"":60,""Partij voor de Dieren"":40}",
24-4-2026 14:15:05,26-30,Bachelor,GroenLinks-PvdA,,GroenLinks > Partij voor de Dieren > PvdA > D66 > CDA > VVD > PVV > FvD,2,-5,-3,5,3,0,5,-5,VVD,A,B,A,B,A,A,A,B,B,B,"{""GroenLinks"":40,""Partij voor de Dieren"":30,""D66"":20,""PvdA"":10}",
24-4-2026 14:16:58,18-20,Bachelor,Partij voor de Dieren,,Partij voor de Dieren > GroenLinks > PvdA > D66 > VVD > CDA > PVV > FvD,2,-5,-2,5,4,-4,5,-5,VVD,A,A,A,A,A,A,A,A,A,B,"{""Partij voor de Dieren"":70,""GroenLinks"":20,""PvdA"":10}",Heel leuk om over na te denken en in te vullen! Ook mooi gemaakt site :)
24-4-2026 14:25:18,21-25,Master,GroenLinks-PvdA,,PvdA > D66 > GroenLinks > CDA > Partij voor de Dieren > VVD > PVV > FvD,5,-5,-2,4,5,3,2,-5,VVD,A,B,A,B,B,A,A,A,B,B,"{""D66"":25,""GroenLinks"":20,""CDA"":25,""PvdA"":30}",
24-4-2026 14:30:22,21-25,Master,Partij voor de Dieren,,Partij voor de Dieren > GroenLinks > PvdA > D66 > CDA > VVD > PVV > FvD,0,-5,-5,3,3,-2,5,-5,CDA,A,A,A,B,B,A,A,A,A,B,"{""PvdA"":30,""GroenLinks"":30,""Partij voor de Dieren"":40}",
24-4-2026 14:31:33,21-25,Bachelor,Partij voor de Dieren,,Partij voor de Dieren > GroenLinks > PvdA > D66 > CDA > VVD > PVV > FvD,2,-5,-1,5,5,2,5,3,VVD,A,A,A,B,B,A,A,A,A,B,"{""GroenLinks"":24,""PvdA"":24,""Partij voor de Dieren"":52}",
24-4-2026 14:41:41,21-25,Middelbare school,D66,,D66 > VVD > GroenLinks > CDA > Partij voor de Dieren > PvdA > PVV > FvD,5,-5,4,4,3,3,3,-5,PVV,A,A,A,B,B,A,A,B,A,B,"{""D66"":60,""VVD"":15,""GroenLinks"":25}",
24-4-2026 14:42:01,21-25,Bachelor,PVV,,VVD > PVV > FvD > CDA > D66 > PvdA > GroenLinks > Partij voor de Dieren,3,5,5,-5,-5,5,-5,5,GroenLinks,A,A,B,B,B,A,A,A,B,B,"{""VVD"":40,""PVV"":50,""FvD"":10}",
24-4-2026 14:42:21,21-25,Bachelor,Partij voor de Dieren,,Partij voor de Dieren > GroenLinks > PvdA > D66 > CDA > VVD > PVV > FvD,2,-5,-4,4,4,0,5,-5,VVD,A,A,A,B,B,A,A,A,A,B,"{""D66"":14,""GroenLinks"":18,""PvdA"":19,""Partij voor de Dieren"":49}",
24-4-2026 14:44:59,40+,Master,D66,,Partij voor de Dieren > D66 > GroenLinks > PvdA > CDA > VVD > PVV > FvD,2,-5,-2,2,2,2,5,-5,VVD,A,B,B,B,B,A,A,B,B,B,"{""Partij voor de Dieren"":51,""D66"":26,""GroenLinks"":23}",
24-4-2026 14:57:37,21-25,Bachelor,Partij voor de Dieren,,Partij voor de Dieren > PvdA > GroenLinks > D66 > CDA > VVD > PVV > FvD,2,-5,-2,5,5,2,5,-5,VVD,A,A,A,B,B,A,A,A,A,B,"{""GroenLinks"":10,""PvdA"":25,""Partij voor de Dieren"":65}",
24-4-2026 15:07:57,40+,Master,VVD,,VVD > CDA > D66 > PVV > PvdA > FvD > GroenLinks > Partij voor de Dieren,4,2,5,-2,2,3,-3,-3,GroenLinks,A,A,B,A,A,A,A,B,A,A,"{""VVD"":65,""CDA"":35}",
24-4-2026 15:15:03,21-25,Bachelor,GroenLinks-PvdA,,GroenLinks > PvdA > D66 > Partij voor de Dieren > CDA > VVD > PVV > FvD,5,-5,-4,5,5,3,3,-5,VVD,A,B,A,B,B,A,A,A,B,B,"{""D66"":25,""GroenLinks"":29,""PvdA"":30,""Partij voor de Dieren"":16}",
24-4-2026 15:25:30,40+,Master,VVD,,VVD > D66 > CDA > PvdA > GroenLinks > Partij voor de Dieren > PVV > FvD,5,-5,5,-5,2,5,-5,-5,PVV,A,A,A,B,B,A,A,A,A,B,"{""D66"":25,""CDA"":35,""VVD"":40}",
24-4-2026 15:29:14,40+,MBO,PVV,,VVD > CDA > PVV > FvD > PvdA > GroenLinks > D66 > Partij voor de Dieren,-5,2,5,-5,-5,1,-5,3,D66,A,A,A,B,B,A,A,A,A,B,"{""PVV"":40,""VVD"":60}",
24-4-2026 15:38:01,40+,Bachelor,D66,,D66 > Partij voor de Dieren > GroenLinks > CDA > FvD > PvdA > VVD > PVV,1,-2,-2,1,3,3,4,0,PVV,A,B,A,A,A,A,A,A,B,B,"{""GroenLinks"":24,""Partij voor de Dieren"":45,""D66"":31}",
24-4-2026 15:40:45,31-40,MBO,VVD,,CDA > VVD > PvdA > D66 > PVV > FvD > GroenLinks > Partij voor de Dieren,-1,5,3,-5,4,4,5,-5,D66,A,A,B,A,A,A,A,B,B,B,"{""CDA"":55,""VVD"":30,""PvdA"":15}",
24-4-2026 15:42:19,31-40,HBO,GroenLinks-PvdA,,PvdA > GroenLinks > CDA > D66 > Partij voor de Dieren > VVD > FvD > PVV,1,-4,-2,3,2,3,2,-3,VVD,A,B,A,B,B,A,A,A,B,A,"{""PvdA"":41,""CDA"":34,""GroenLinks"":34}",
24-4-2026 16:29:22,40+,HBO,VVD,,VVD > CDA > D66 > PvdA > Partij voor de Dieren > GroenLinks > PVV > FvD,2,-3,4,-1,5,4,1,-4,GroenLinks,A,B,A,A,A,A,A,B,A,B,"{""VVD"":63,""CDA"":69,""D66"":55,""Partij voor de Dieren"":38,""FvD"":10}",Mis de mogelijkheid van Ja 21
24-4-2026 16:40:01,21-25,Middelbare school,GroenLinks-PvdA,,Partij voor de Dieren > GroenLinks > PvdA > D66 > CDA > VVD > PVV > FvD,1,-5,-3,4,3,1,5,-5,VVD,A,B,B,B,B,A,A,A,A,B,"{""Partij voor de Dieren"":34,""GroenLinks"":33,""PvdA"":33}",
24-4-2026 16:46:38,40+,Master,GroenLinks-PvdA,,GroenLinks > PvdA > D66 > Partij voor de Dieren > CDA > VVD > PVV > FvD,5,-4,-4,5,5,-2,3,4,CDA,A,A,A,B,B,A,A,A,B,A,"{""GroenLinks"":0,""PvdA"":0,""D66"":0}",
24-4-2026 17:16:08,40+,HBO,GroenLinks-PvdA,,PvdA > GroenLinks > CDA > Partij voor de Dieren > D66 > VVD > PVV > FvD,0,-5,0,0,0,0,0,-5,PVV,A,A,A,B,B,A,A,B,B,B,"{""PvdA"":42,""Partij voor de Dieren"":16,""D66"":42}",PvdA en Groen links worden apart genoemd maar zijn 1 partij
24-4-2026 17:37:48,21-25,Bachelor,Partij voor de Dieren,,Partij voor de Dieren > GroenLinks > PvdA > D66 > CDA > VVD > PVV > FvD,0,-5,-3,5,5,0,5,-5,VVD,A,B,A,B,A,A,A,A,B,A,"{""PvdA"":25,""GroenLinks"":25,""Partij voor de Dieren"":25,""D66"":25}",
24-4-2026 17:54:27,40+,HBO,GroenLinks-PvdA,,GroenLinks > PvdA > D66 > Partij voor de Dieren > CDA > VVD > PVV > FvD,1,-5,0,5,5,3,5,-5,PVV,A,A,A,B,B,A,A,A,A,B,"{""GroenLinks"":44,""PvdA"":38,""D66"":18}",Succes met je onderzoek Jade!🍀
24-4-2026 18:00:28,40+,MBO,CDA,,CDA > D66 > GroenLinks > PvdA > VVD > Partij voor de Dieren > PVV > FvD,3,-5,4,4,3,-5,1,-5,PVV,A,A,A,B,B,A,A,A,A,B,"{""CDA"":36,""D66"":30,""GroenLinks"":20,""PvdA"":14}",
24-4-2026 19:15:09,40+,Master,GroenLinks-PvdA,,PvdA > D66 > GroenLinks > VVD > CDA > Partij voor de Dieren > PVV > FvD,5,-5,5,3,3,3,3,-5,PVV,A,B,A,B,B,A,A,B,B,B,"{""PvdA"":30,""GroenLinks"":20,""D66"":25,""CDA"":25}",
24-4-2026 19:19:23,40+,HBO,GroenLinks-PvdA,,D66 > PvdA > GroenLinks > CDA > Partij voor de Dieren > VVD > PVV > FvD,5,-5,-3,5,5,3,2,4,VVD,A,A,B,B,B,A,A,A,B,A,"{""D66"":50,""CDA"":25,""PvdA"":25}",
24-4-2026 20:47:37,31-40,HBO,VVD,,VVD > D66 > CDA > GroenLinks > PvdA > Partij voor de Dieren > PVV > FvD,3,-3,5,2,1,1,1,-3,PVV,A,A,B,A,A,A,A,B,A,A,"{""VVD"":90,""D66"":10}",
24-4-2026 20:54:02,31-40,HBO,GroenLinks-PvdA,,GroenLinks > D66 > CDA > PvdA > VVD > Partij voor de Dieren > FvD > PVV,2,-5,1,4,1,2,1,-5,PVV,A,A,B,B,B,A,A,B,A,B,"{""GroenLinks"":51,""D66"":25,""PvdA"":24}",
24-4-2026 20:57:01,40+,Middelbare school,VVD,,VVD > CDA > D66 > PvdA > GroenLinks > Partij voor de Dieren > PVV > FvD,3,1,3,1,1,3,1,-3,FvD,A,A,A,A,A,B,A,B,B,B,"{""VVD"":36,""CDA"":33,""D66"":31}",
24-4-2026 21:29:09,26-30,Master,SP,,Partij voor de Dieren > PvdA > GroenLinks > D66 > CDA > PVV > VVD > FvD,-3,-4,-5,2,3,-3,4,-5,D66,A,A,B,B,B,B,B,B,B,A,"{""Partij voor de Dieren"":65,""PvdA"":35}",
24-4-2026 21:35:52,40+,MBO,VVD,,CDA > PVV > D66 > VVD > Partij voor de Dieren > PvdA > GroenLinks > FvD,-1,1,5,-2,1,3,-1,-5,D66,B,A,A,B,B,B,A,A,A,A,"{""VVD"":60,""CDA"":40}",De ideale formatie zit niet in deze casus. Ik zou ook graag JA21 erbij hebben gezien i.p.v. FvD.
24-4-2026 22:00:00,21-25,Werkend,D66,,D66 > GroenLinks > PvdA > Partij voor de Dieren > CDA > VVD > PVV > FvD,4,-5,-1,4,4,1,3,-5,VVD,A,A,A,B,B,A,B,A,B,B,"{""D66"":48,""GroenLinks"":25,""PvdA"":25}",
24-4-2026 22:12:22,40+,HBO,VVD,,VVD > CDA > D66 > PvdA > GroenLinks > Partij voor de Dieren > PVV > FvD,2,-5,4,-1,2,3,-3,2,GroenLinks,A,A,B,A,A,A,A,A,A,B,"{""VVD"":40,""CDA"":30,""D66"":30}",
24-4-2026 23:01:53,40+,HBO,GroenLinks-PvdA,,GroenLinks > PvdA > Partij voor de Dieren > D66 > CDA > VVD > PVV > FvD,-2,-5,-1,4,2,2,0,0,VVD,A,B,A,B,B,B,B,A,B,B,"{""GroenLinks"":39,""PvdA"":39,""Partij voor de Dieren"":20}","Succes met je onderzoek.
P.s. ik zou wel wat meer willen weten wat je met deze vragenlijst onderzoekt. Dus iets meer context.

"
24-4-2026 23:47:49,18-20,Bachelor,GroenLinks-PvdA,,GroenLinks > Partij voor de Dieren > PvdA > D66 > CDA > VVD > PVV > FvD,3,-5,-3,5,4,1,5,-5,VVD,A,A,B,B,B,A,A,A,A,B,"{""GroenLinks"":50,""PvdA"":20,""Partij voor de Dieren"":30}",enquête was super chill in gebruik! en leuk om de dilemma’s te doen :)
25-4-2026 8:00:13,40+,HBO,D66,,D66 > CDA > VVD > Partij voor de Dieren > GroenLinks > PvdA > PVV > FvD,5,-3,3,3,1,4,3,3,PVV,A,A,B,B,B,A,A,B,A,A,"{""D66"":80,""VVD"":30,""CDA"":60,""GroenLinks"":30,""PVV"":15,""Partij voor de Dieren"":40,""FvD"":0}",
25-4-2026 8:48:50,40+,Bachelor,Niet gestemd,,VVD > CDA > PVV > FvD > Partij voor de Dieren > D66 > PvdA > GroenLinks,-5,1,3,2,-5,2,1,2,D66,A,B,A,B,B,A,A,A,A,B,"{""VVD"":100,""CDA"":79,""FvD"":28}",Geen vragen
25-4-2026 9:45:03,21-25,Bachelor,Partij voor de Dieren,,Partij voor de Dieren > GroenLinks > PvdA > D66 > CDA > VVD > PVV > FvD,1,-5,-4,4,4,0,5,-5,VVD,A,A,B,B,B,A,A,A,B,B,"{""GroenLinks"":33,""Partij voor de Dieren"":48,""PvdA"":19}",
25-4-2026 11:50:08,40+,Bachelor,GroenLinks-PvdA,,GroenLinks > PvdA > D66 > Partij voor de Dieren > CDA > VVD > PVV > FvD,4,-5,-2,4,4,4,3,-5,VVD,A,A,A,B,B,A,A,A,B,B,"{""D66"":30,""GroenLinks"":35,""PvdA"":30,""CDA"":5}",
25-4-2026 12:56:43,18-20,Middelbare school,Partij voor de Dieren,,Partij voor de Dieren > GroenLinks > PvdA > D66 > CDA > VVD > PVV > FvD,1,-5,-3,5,4,0,5,-5,VVD,A,A,B,B,A,A,A,A,B,A,"{""Partij voor de Dieren"":40,""GroenLinks"":30,""PvdA"":30}",
25-4-2026 12:59:01,21-25,Bachelor,GroenLinks-PvdA,,GroenLinks > Partij voor de Dieren > PvdA > D66 > CDA > VVD > PVV > FvD,2,-5,-3,5,5,-1,5,-5,CDA,A,A,A,B,B,A,A,A,A,B,"{""GroenLinks"":38,""PvdA"":35,""Partij voor de Dieren"":15,""D66"":12}",
25-4-2026 13:07:35,21-25,Bachelor,GroenLinks-PvdA,,GroenLinks > D66 > PvdA > Partij voor de Dieren > CDA > VVD > PVV > FvD,5,-5,-3,5,4,1,3,-5,VVD,A,B,B,B,B,A,A,A,B,B,"{""D66"":20,""GroenLinks"":30,""PvdA"":20,""Partij voor de Dieren"":30}",
25-4-2026 13:58:20,40+,Master,GroenLinks-PvdA,,GroenLinks > PvdA > Partij voor de Dieren > D66 > CDA > VVD > PVV > FvD,4,-5,-3,5,5,1,-3,-5,VVD,A,A,A,B,B,A,A,A,B,B,"{""GroenLinks"":56,""PvdA"":34,""Partij voor de Dieren"":10}",
26-4-2026 3:17:12,26-30,Bachelor,Partij voor de Dieren,,Partij voor de Dieren > GroenLinks > PvdA > D66 > CDA > VVD > PVV > FvD,-3,-5,-5,3,4,4,5,-5,D66,A,A,B,A,A,A,A,B,A,A,"{""Partij voor de Dieren"":53,""GroenLinks"":24,""PvdA"":21}",
26-4-2026 9:32:54,40+,Master,VVD,,VVD > D66 > CDA > PvdA > GroenLinks > Partij voor de Dieren > PVV > FvD,5,-5,5,-2,-1,5,-1,-5,PvdA,A,A,A,A,A,A,A,B,A,A,"{""VVD"":55,""CDA"":25,""D66"":20}",Veel succes met je scriptie! 
26-4-2026 9:33:10,40+,Master,GroenLinks-PvdA,,GroenLinks > PvdA > Partij voor de Dieren > D66 > CDA > VVD > PVV > FvD,5,-5,-5,5,5,1,1,-5,PVV,A,B,A,B,B,A,A,A,B,B,"{""D66"":20,""GroenLinks"":30,""PvdA"":30,""Partij voor de Dieren"":20}",Master en werkend sluit elkaar niet uit: ik heb master en ben al 28 jaar werkend.
26-4-2026 9:47:38,26-30,Master,Volt,,GroenLinks > PvdA > D66 > Partij voor de Dieren > CDA > VVD > PVV > FvD,2,-5,1,5,5,1,5,-5,PVV,A,A,B,B,B,B,B,B,B,B,"{""GroenLinks"":50,""PvdA"":50}",
26-4-2026 9:53:56,40+,HBO,GroenLinks-PvdA,,GroenLinks > Partij voor de Dieren > PvdA > D66 > CDA > VVD > FvD > PVV,2,-5,-5,5,5,2,5,-5,PVV,A,A,A,B,B,A,A,A,B,B,"{""GroenLinks"":40,""Partij voor de Dieren"":30,""PvdA"":30}",
26-4-2026 10:11:17,40+,MBO,50PLUS,,VVD > CDA > PvdA > D66 > PVV > GroenLinks > Partij voor de Dieren > FvD,2,2,4,1,2,4,-3,-5,Partij voor de Dieren,A,B,A,B,B,A,A,A,A,B,"{""VVD"":40,""CDA"":36,""PvdA"":24}",
26-4-2026 10:25:22,40+,Master,GroenLinks-PvdA,,GroenLinks > PvdA > VVD > D66 > CDA > Partij voor de Dieren > FvD > PVV,2,-4,1,2,4,1,-1,2,Partij voor de Dieren,A,B,A,B,B,B,B,A,B,B,"{""D66"":31,""PvdA"":47,""VVD"":22}",
26-4-2026 10:28:28,21-25,Master,D66,,D66 > CDA > GroenLinks > PvdA > VVD > Partij voor de Dieren > PVV > FvD,5,-4,1,2,2,4,-3,-5,Partij voor de Dieren,A,A,B,B,B,A,A,B,B,A,"{""D66"":50,""CDA"":30,""GroenLinks"":5,""VVD"":10,""PvdA"":5}",
26-4-2026 10:42:37,40+,HBO,50PLUS,,CDA > D66 > PvdA > VVD > GroenLinks > PVV > FvD > Partij voor de Dieren,3,1,2,-1,-1,1,-5,-5,GroenLinks,A,A,B,B,B,B,B,B,B,A,"{""D66"":60,""GroenLinks"":20,""CDA"":20}",
26-4-2026 10:45:12,40+,MBO,VVD,,VVD > CDA > D66 > GroenLinks > PvdA > FvD > PVV > Partij voor de Dieren,-2,2,-4,0,0,-1,3,0,CDA,A,A,A,B,A,A,A,A,B,A,"{""VVD"":51,""D66"":21,""CDA"":29}",
26-4-2026 11:34:07,40+,Master,GroenLinks-PvdA,,PvdA > GroenLinks > Partij voor de Dieren > D66 > CDA > VVD > PVV > FvD,0,-5,-2,5,5,0,5,-5,VVD,A,B,A,B,B,A,A,A,B,B,"{""GroenLinks"":35,""PvdA"":45,""Partij voor de Dieren"":20}",
26-4-2026 12:32:06,40+,Master,VVD,,VVD > Partij voor de Dieren > PvdA > D66 > PVV > CDA > GroenLinks > FvD,-3,2,2,-5,2,-2,3,-2,CDA,A,A,A,B,B,A,A,B,A,A,"{""Partij voor de Dieren"":18,""VVD"":53,""PvdA"":33}","Het lijkt ook om personen te gaan, waardoor idealen en wensen van politieke partijen ondergesneeuwd raken. Dat maakt formeren helaas nog ingewikkelder. Succes!"
26-4-2026 12:40:33,40+,Middelbare school,CDA,,CDA > D66 > VVD > GroenLinks > PvdA > PVV > Partij voor de Dieren > FvD,3,-5,3,5,1,5,-5,-4,FvD,A,A,A,B,B,A,A,A,A,B,"{""CDA"":50,""PvdA"":27,""VVD"":23}",
26-4-2026 13:08:38,40+,Master,D66,,D66 > PvdA > GroenLinks > CDA > Partij voor de Dieren > VVD > PVV > FvD,5,-5,1,3,4,2,1,-5,PVV,A,A,B,B,B,A,A,B,A,B,"{""D66"":48,""PvdA"":30,""CDA"":22}",
26-4-2026 13:19:13,40+,HBO,GroenLinks-PvdA,,GroenLinks > PvdA > D66 > Partij voor de Dieren > CDA > VVD > PVV > FvD,3,-5,-3,5,5,1,2,-5,VVD,A,B,B,B,B,B,B,B,B,B,"{""PvdA"":30,""GroenLinks"":30,""D66"":25,""Partij voor de Dieren"":15}",Heel veel succes Jade!
26-4-2026 13:19:42,40+,HBO,D66,,VVD > CDA > PVV > Partij voor de Dieren > D66 > GroenLinks > PvdA > FvD,-4,3,4,-4,-5,4,0,-5,D66,A,A,A,A,A,A,A,A,B,B,"{""VVD"":34,""CDA"":33,""PVV"":33}",
26-4-2026 13:25:06,40+,HBO,VVD,,VVD > CDA > FvD > PVV > Partij voor de Dieren > D66 > PvdA > GroenLinks,-3,1,5,-4,-4,3,1,3,D66,A,A,A,A,A,A,A,B,A,A,"{""VVD"":70,""CDA"":20,""FvD"":10}",
26-4-2026 13:47:10,21-25,Bachelor,GroenLinks-PvdA,,GroenLinks > Partij voor de Dieren > PvdA > D66 > CDA > VVD > PVV > FvD,3,-4,-1,5,5,2,5,-4,VVD,A,B,A,B,A,A,A,A,B,B,"{""GroenLinks"":33,""PvdA"":33,""Partij voor de Dieren"":34}",
26-4-2026 13:47:33,40+,HBO,FvD,,FvD > VVD > PVV > CDA > PvdA > D66 > Partij voor de Dieren > GroenLinks,-5,1,2,-5,-5,0,-5,5,D66,A,A,B,A,A,A,A,A,A,B,"{""FvD"":50,""VVD"":30,""PVV"":20}",De keuze is redelijk beperkt. B.v. partij van de arbeid bestaat niet meer en ja 21 is ondertussen ook een redelijk alternatief en vergeet de ouderen partij niet.
26-4-2026 13:59:43,40+,HBO,GroenLinks-PvdA,,PvdA > GroenLinks > Partij voor de Dieren > D66 > CDA > VVD > PVV > FvD,2,-5,-3,5,5,1,3,-5,VVD,A,A,B,B,B,B,A,B,B,B,"{""PvdA"":34,""GroenLinks"":33,""D66"":33}",
26-4-2026 14:26:53,21-25,Bachelor,GroenLinks-PvdA,,GroenLinks > Partij voor de Dieren > PvdA > D66 > CDA > VVD > PVV > FvD,2,-4,-3,5,3,2,4,-5,VVD,A,B,A,B,B,A,A,A,B,B,"{""GroenLinks"":40,""Partij voor de Dieren"":25,""PvdA"":20,""D66"":15}",
26-4-2026 14:28:40,18-20,Bachelor,CDA,,CDA > PvdA > D66 > GroenLinks > VVD > Partij voor de Dieren > PVV > FvD,2,-4,-4,0,3,5,-3,-5,Partij voor de Dieren,A,A,B,B,B,A,B,B,B,A,"{""CDA"":60,""PvdA"":40}",
26-4-2026 14:32:47,21-25,HBO,CDA,,CDA > D66 > PvdA > Partij voor de Dieren > VVD > GroenLinks > PVV > FvD,3,-3,-2,0,0,3,-3,-4,VVD,A,B,A,B,B,A,A,B,B,A,"{""D66"":40,""CDA"":50,""GroenLinks"":10}",
26-4-2026 14:40:35,21-25,Bachelor,GroenLinks-PvdA,,GroenLinks > Partij voor de Dieren > PvdA > D66 > CDA > VVD > PVV > FvD,2,-5,-4,4,4,-4,4,-5,VVD,A,A,A,B,B,A,A,A,A,B,"{""GroenLinks"":50,""PvdA"":20,""Partij voor de Dieren"":30}",
26-4-2026 14:43:59,21-25,Bachelor,Volt,,D66 > PvdA > CDA > GroenLinks > VVD > Partij voor de Dieren > PVV > FvD,4,-4,2,2,4,2,2,-5,PVV,A,B,A,B,B,A,A,B,B,B,"{""D66"":0,""PvdA"":0,""CDA"":0,""VVD"":0}",
26-4-2026 14:55:32,21-25,HBO,D66,,D66 > GroenLinks > PvdA > Partij voor de Dieren > CDA > VVD > PVV > FvD,3,-4,0,3,3,1,2,-5,PVV,A,B,A,B,B,A,A,A,B,B,"{""D66"":30,""GroenLinks"":30,""PvdA"":20,""CDA"":20}",
26-4-2026 14:56:33,40+,Werkend,GroenLinks-PvdA,,GroenLinks > PvdA > D66 > Partij voor de Dieren > CDA > VVD > PVV > FvD,3,-5,2,5,5,3,3,-5,PVV,A,B,A,B,B,B,A,A,B,B,"{""GroenLinks"":27,""PvdA"":27,""Partij voor de Dieren"":23,""D66"":23}",
26-4-2026 15:11:20,21-25,Bachelor,SP,,Partij voor de Dieren > GroenLinks > PvdA > D66 > CDA > VVD > PVV > FvD,-1,-5,-4,3,3,-2,5,-5,D66,A,B,A,B,B,A,A,A,B,B,"{""Partij voor de Dieren"":45,""PvdA"":30,""GroenLinks"":25}",
26-4-2026 15:30:34,21-25,Bachelor,GroenLinks-PvdA,,D66 > GroenLinks > CDA > PvdA > Partij voor de Dieren > VVD > PVV > FvD,5,2,2,5,2,3,1,-5,FvD,A,A,A,B,B,B,A,B,B,B,"{""D66"":50,""GroenLinks"":25,""Partij voor de Dieren"":15,""VVD"":10}",
26-4-2026 16:34:48,40+,Master,D66,,D66 > PvdA > GroenLinks > Partij voor de Dieren > CDA > VVD > PVV > FvD,5,-5,-2,5,-5,-1,5,-1,CDA,A,A,A,B,B,A,A,B,B,A,"{""D66"":30,""PvdA"":30,""GroenLinks"":20,""Partij voor de Dieren"":10,""FvD"":0,""CDA"":10}",
26-4-2026 16:36:17,21-25,Bachelor,D66,,D66 > GroenLinks > PvdA > Partij voor de Dieren > CDA > VVD > FvD > PVV,5,-5,-1,4,4,2,2,-5,VVD,A,A,A,B,B,A,A,A,B,A,"{""D66"":34,""GroenLinks"":33,""PvdA"":33}",
26-4-2026 16:51:20,21-25,Bachelor,D66,,D66 > GroenLinks > CDA > Partij voor de Dieren > PvdA > VVD > PVV > FvD,5,-5,0,3,0,2,1,-4,FvD,A,B,A,B,B,A,A,B,A,B,"{""D66"":54,""CDA"":23,""GroenLinks"":23}",
26-4-2026 17:04:08,21-25,HBO,GroenLinks-PvdA,,GroenLinks > D66 > Partij voor de Dieren > PvdA > CDA > VVD > PVV > FvD,3,-5,-2,5,3,-2,4,-5,VVD,A,B,A,B,B,A,A,B,B,B,"{""D66"":39,""GroenLinks"":39,""Partij voor de Dieren"":10,""PvdA"":12}",
26-4-2026 17:17:58,18-20,Bachelor,Anders,Bij1,Partij voor de Dieren > GroenLinks > PvdA > D66 > CDA > VVD > PVV > FvD,2,-5,-4,3,2,-1,4,-5,CDA,A,B,A,B,B,A,A,A,A,A,"{""Partij voor de Dieren"":50,""GroenLinks"":29,""PvdA"":21}",Mijn ideale coalitie is #Bij1
26-4-2026 17:35:10,21-25,Master,GroenLinks-PvdA,,GroenLinks > Partij voor de Dieren > PvdA > D66 > CDA > VVD > PVV > FvD,3,-5,-4,5,5,1,5,-5,VVD,A,A,B,B,B,A,A,A,A,B,"{""GroenLinks"":35,""Partij voor de Dieren"":15,""PvdA"":30,""D66"":20}",
26-4-2026 17:36:07,40+,Master,GroenLinks-PvdA,,GroenLinks > PvdA > Partij voor de Dieren > D66 > CDA > VVD > PVV > FvD,2,-5,-3,5,5,-3,3,-5,VVD,A,A,B,B,B,A,A,A,B,B,"{""GroenLinks"":64,""PvdA"":25,""Partij voor de Dieren"":11}",
26-4-2026 19:04:49,40+,Master,GroenLinks-PvdA,,GroenLinks > PvdA > Partij voor de Dieren > D66 > CDA > VVD > PVV > FvD,5,-5,-5,5,5,0,5,-5,PVV,A,A,B,B,B,A,A,B,A,A,"{""GroenLinks"":100}",
26-4-2026 19:15:51,18-20,Master,D66,,D66 > GroenLinks > Partij voor de Dieren > PvdA > VVD > CDA > PVV > FvD,5,-5,0,4,1,-2,4,-5,CDA,A,A,A,B,B,A,B,A,B,B,"{""D66"":40,""GroenLinks"":40,""Partij voor de Dieren"":20}",
26-4-2026 19:25:50,40+,Master,GroenLinks-PvdA,,GroenLinks > PvdA > Partij voor de Dieren > D66 > CDA > VVD > PVV > FvD,3,-5,0,5,5,3,5,-5,PVV,A,A,A,B,B,A,A,A,B,B,"{""D66"":15,""GroenLinks"":50,""PvdA"":20,""Partij voor de Dieren"":15}",
26-4-2026 20:20:30,21-25,Bachelor,D66,,GroenLinks > Partij voor de Dieren > D66 > PvdA > CDA > VVD > FvD > PVV,3,-5,-2,3,1,-2,2,-4,VVD,A,B,B,B,B,A,B,B,B,B,"{""D66"":22,""GroenLinks"":30,""Partij voor de Dieren"":48}",Succes! 
26-4-2026 20:54:12,18-20,Bachelor,GroenLinks-PvdA,,GroenLinks > Partij voor de Dieren > D66 > PvdA > CDA > VVD > PVV > FvD,2,-5,-4,5,3,1,5,-5,VVD,A,B,A,B,B,A,A,A,B,B,"{""GroenLinks"":50,""Partij voor de Dieren"":30,""D66"":10,""PvdA"":10}",
26-4-2026 23:07:19,21-25,HBO,GroenLinks-PvdA,,PvdA > GroenLinks > Partij voor de Dieren > D66 > VVD > CDA > PVV > FvD,2,-4,1,5,5,-1,4,-5,CDA,A,A,A,B,B,A,A,A,B,B,"{""GroenLinks"":30,""PvdA"":60,""D66"":10}",
26-4-2026 23:36:36,21-25,Middelbare school,Partij voor de Dieren,,Partij voor de Dieren > GroenLinks > PvdA > D66 > CDA > VVD > PVV > FvD,-4,-5,-5,1,1,-2,3,-5,CDA,A,A,B,B,B,A,A,B,A,A,"{""Partij voor de Dieren"":100}",
27-4-2026 7:10:16,21-25,Bachelor,Volt,,GroenLinks > PvdA > Partij voor de Dieren > D66 > VVD > CDA > PVV > FvD,0,-5,-5,5,5,0,5,-5,PVV,A,A,A,B,B,A,A,A,A,B,"{""GroenLinks"":39,""Partij voor de Dieren"":21,""PvdA"":32,""D66"":8}",
27-4-2026 10:38:03,21-25,Bachelor,D66,,D66 > VVD > CDA > PvdA > PVV > GroenLinks > Partij voor de Dieren > FvD,4,-1,3,-1,1,3,-4,-5,PVV,A,A,A,A,A,A,A,A,A,A,"{""D66"":50,""VVD"":50}",
27-4-2026 14:43:19,40+,Master,D66,,D66 > GroenLinks > PvdA > Partij voor de Dieren > CDA > VVD > FvD > PVV,5,-5,-1,3,3,1,3,-5,VVD,A,A,B,B,B,A,A,B,B,B,"{""D66"":33,""PVV"":0,""VVD"":14,""GroenLinks"":14,""PvdA"":24,""FvD"":0,""CDA"":12,""Partij voor de Dieren"":3}",
27-4-2026 16:46:33,18-20,Bachelor,D66,,D66 > GroenLinks > PvdA > CDA > VVD > Partij voor de Dieren > PVV > FvD,2,-4,-1,2,2,1,-1,-5,VVD,A,A,B,B,B,A,A,B,B,B,"{""D66"":100}",
27-4-2026 19:01:32,40+,Master,GroenLinks-PvdA,,D66 > PvdA > CDA > VVD > GroenLinks > PVV > Partij voor de Dieren > FvD,3,-3,3,4,4,3,3,-5,PVV,A,A,B,B,B,A,A,A,A,A,"{""D66"":80,""PVV"":76,""VVD"":20,""GroenLinks"":0,""PvdA"":0,""CDA"":0,""Partij voor de Dieren"":0,""FvD"":0}",
28-4-2026 14:32:39,31-40,Master,GroenLinks-PvdA,,GroenLinks > PvdA > Partij voor de Dieren > D66 > VVD > CDA > PVV > FvD,3,-5,2,5,4,1,3,-5,PVV,A,B,A,B,B,A,A,B,B,B,"{""GroenLinks"":20,""VVD"":20,""D66"":20,""PvdA"":20,""Partij voor de Dieren"":20}",
28-4-2026 17:49:30,40+,HBO,VVD,,VVD > D66 > CDA > GroenLinks > PvdA > Partij voor de Dieren > FvD > PVV,5,-5,5,1,1,5,-5,3,PVV,A,A,A,B,B,A,A,A,B,B,"{""D66"":34,""VVD"":33,""CDA"":33}",
28-4-2026 18:33:12,26-30,Werkend,GroenLinks-PvdA,,GroenLinks > PvdA > Partij voor de Dieren > D66 > CDA > VVD > PVV > FvD,0,-5,-3,4,3,0,1,-5,VVD,A,A,B,B,B,A,A,A,A,B,"{""GroenLinks"":67,""PvdA"":36,""Partij voor de Dieren"":12}",
28-4-2026 20:11:35,40+,HBO,GroenLinks-PvdA,,PvdA > D66 > GroenLinks > Partij voor de Dieren > CDA > VVD > PVV > FvD,5,-5,-2,4,5,3,0,-5,VVD,A,A,A,B,B,A,A,B,B,A,"{""D66"":40,""PvdA"":40,""GroenLinks"":20}",
28-4-2026 22:52:30,26-30,Bachelor,GroenLinks-PvdA,,PvdA > GroenLinks > D66 > CDA > Partij voor de Dieren > VVD > PVV > FvD,3,-4,-3,2,4,1,0,-5,VVD,A,A,A,B,B,A,A,B,A,A,"{""D66"":10,""GroenLinks"":20,""PvdA"":70}",
28-4-2026 23:20:12,40+,Middelbare school,CDA,,CDA > VVD > PvdA > GroenLinks > D66 > Partij voor de Dieren > FvD > PVV,2,-5,5,3,4,-4,1,-5,CDA,A,A,A,B,B,A,A,B,B,B,"{""CDA"":30,""VVD"":30,""PvdA"":20,""GroenLinks"":5,""Partij voor de Dieren"":5,""D66"":10}",De partijen moeten soms iets laten vallen en gezamelijk tot een meerderheids kabinet komen. Dat betekend dat je soms standpunten moet los laten. Dit minderheids kabinet is ook helemaal niks.
29-4-2026 10:37:51,31-40,Master,Partij voor de Dieren,,Partij voor de Dieren > GroenLinks > PvdA > D66 > CDA > VVD > FvD > PVV,2,-5,-4,5,5,-3,5,-5,CDA,A,A,B,B,A,A,A,A,A,B,"{""Partij voor de Dieren"":100}",
29-4-2026 13:53:41,40+,HBO,Partij voor de Dieren,,Partij voor de Dieren > PvdA > GroenLinks > D66 > CDA > VVD > FvD > PVV,1,-3,-2,1,4,1,5,-3,VVD,A,A,B,A,A,A,A,B,A,A,"{""Partij voor de Dieren"":50,""PvdA"":25,""GroenLinks"":25}",Veel succes Jade
29-4-2026 15:16:21,21-25,Master,GroenLinks-PvdA,,GroenLinks > PvdA > Partij voor de Dieren > D66 > CDA > VVD > PVV > FvD,1,-5,-4,5,4,0,4,-5,VVD,A,B,A,B,B,A,A,A,A,B,"{""GroenLinks"":60,""Partij voor de Dieren"":15,""PvdA"":25}","Voor de tweede pagina met vragen over coalities is het voor mij erg van belang waar partijen voor staan (inhoudelijk) en hoe ik hun samenwerking voor me zie, los van waar ze staan in mijn ranking."
29-4-2026 19:16:06,40+,HBO,CDA,,CDA > VVD > FvD > GroenLinks > D66 > PvdA > PVV > Partij voor de Dieren,-2,-4,4,-1,-1,4,-5,-1,GroenLinks,A,A,B,A,A,A,A,B,A,A,"{""CDA"":70,""VVD"":30}",
29-4-2026 22:56:35,21-25,Middelbare school,GroenLinks-PvdA,,GroenLinks > Partij voor de Dieren > PvdA > D66 > CDA > VVD > PVV > FvD,2,-5,-5,5,5,-2,5,-5,CDA,A,B,A,B,B,A,A,A,B,B,"{""GroenLinks"":34,""PvdA"":33,""Partij voor de Dieren"":33}",
1-5-2026 3:22:03,26-30,Master,GroenLinks-PvdA,,PvdA > GroenLinks > D66 > Partij voor de Dieren > CDA > VVD > FvD > PVV,4,-5,-1,4,5,2,3,-5,VVD,A,A,B,B,B,A,A,A,B,A,"{""PvdA"":49,""GroenLinks"":21,""D66"":30}",
1-5-2026 8:41:34,40+,Master,GroenLinks-PvdA,,GroenLinks > Partij voor de Dieren > PvdA > D66 > CDA > VVD > FvD > PVV,2,-5,-5,5,4,1,5,-5,PVV,A,A,A,B,B,A,A,A,B,B,"{""GroenLinks"":60,""PvdA"":21,""Partij voor de Dieren"":19}",Veel succes!
1-5-2026 15:07:00,18-20,Bachelor,D66,,D66 > PvdA > GroenLinks > CDA > VVD > Partij voor de Dieren > PVV > FvD,5,-4,0,4,4,2,-1,-5,Partij voor de Dieren,A,A,A,B,B,A,A,A,A,B,"{""D66"":50,""GroenLinks"":15,""PvdA"":25,""CDA"":10}",
1-5-2026 15:48:11,40+,Master,GroenLinks-PvdA,,Partij voor de Dieren > GroenLinks > PvdA > D66 > CDA > VVD > PVV > FvD,5,-5,-3,5,5,2,5,-5,VVD,A,B,A,B,B,A,A,A,B,B,"{""GroenLinks"":30,""Partij voor de Dieren"":35,""PvdA"":30,""D66"":5}",
3-5-2026 23:51:10,21-25,Master,GroenLinks-PvdA,,GroenLinks > Partij voor de Dieren > PvdA > D66 > CDA > VVD > PVV > FvD,2,-5,-4,5,5,1,3,-5,VVD,A,B,A,B,B,A,A,A,A,B,"{""GroenLinks"":36,""Partij voor de Dieren"":15,""PvdA"":35,""D66"":14}",
4-5-2026 11:14:59,40+,Master,D66,,D66 > GroenLinks > Partij voor de Dieren > PvdA > CDA > VVD > FvD > PVV,5,-5,-4,4,4,-2,2,-5,CDA,A,A,A,B,B,A,A,A,B,B,"{""D66"":34,""GroenLinks"":33,""Partij voor de Dieren"":33}",
4-5-2026 21:24:31,40+,Master,D66,,D66 > VVD > CDA > PvdA > GroenLinks > Partij voor de Dieren > PVV > FvD,5,-5,3,1,1,3,0,-5,PVV,A,A,B,B,B,A,A,A,A,B,"{""D66"":60,""VVD"":20,""CDA"":20}",
4-5-2026 22:40:26,21-25,Middelbare school,GroenLinks-PvdA,,GroenLinks > Partij voor de Dieren > PvdA > D66 > CDA > VVD > PVV > FvD,3,-5,0,5,5,1,5,-5,PVV,A,B,A,B,B,A,A,A,B,B,"{""D66"":15,""CDA"":7,""Partij voor de Dieren"":29,""PvdA"":13,""GroenLinks"":36}",
5-5-2026 20:12:59,26-30,Master,VVD,,VVD > CDA > D66 > FvD > PVV > PvdA > GroenLinks > Partij voor de Dieren,3,1,5,-1,1,4,5,2,GroenLinks,A,A,B,B,B,A,A,B,A,B,"{""VVD"":50,""CDA"":30,""D66"":20}",
7-5-2026 15:14:54,26-30,Master,GroenLinks-PvdA,,Partij voor de Dieren > PvdA > GroenLinks > D66 > CDA > VVD > PVV > FvD,0,-5,-4,5,5,0,5,-5,VVD,A,B,A,B,B,A,A,A,B,B,"{""Partij voor de Dieren"":40,""GroenLinks"":25,""PvdA"":25,""D66"":10}",
,,,,,,301,-496,-94,375,367,146,289,-501,,,,,,,,,,,,,